{
    "sinewaves.40": {"sounds": [{"name": "sinewaves/sin_40"}]},
    "sinewaves.80": {"sounds": [{"name": "sinewaves/sin_80"}]},
    "sinewaves.160": {"sounds": [{"name": "sinewaves/sin_160"}]},
    "sinewaves.320": {"sounds": [{"name": "sinewaves/sin_320"}]},
    "sinewaves.640": {"sounds": [{"name": "sinewaves/sin_640"}]},
    "sinewaves.1280": {"sounds": [{"name": "sinewaves/sin_1280"}]},
    "sinewaves.2560": {"sounds": [{"name": "sinewaves/sin_2560"}]},
    "sinewaves.5120": {"sounds": [{"name": "sinewaves/sin_5120"}]},
    "sinewaves.10240": {"sounds": [{"name": "sinewaves/sin_10240"}]}
}
