{
    "sinewaves.1": {"sounds": [{"name": "sinewaves_short_0.1/sin_1"}]},
    "sinewaves.2": {"sounds": [{"name": "sinewaves_short_0.1/sin_2"}]},
    "sinewaves.3": {"sounds": [{"name": "sinewaves_short_0.1/sin_3"}]},
    "sinewaves.4": {"sounds": [{"name": "sinewaves_short_0.1/sin_4"}]},
    "sinewaves.5": {"sounds": [{"name": "sinewaves_short_0.1/sin_5"}]},
    "sinewaves.6": {"sounds": [{"name": "sinewaves_short_0.1/sin_6"}]},
    "sinewaves.7": {"sounds": [{"name": "sinewaves_short_0.1/sin_7"}]},
    "sinewaves.8": {"sounds": [{"name": "sinewaves_short_0.1/sin_8"}]},
    "sinewaves.9": {"sounds": [{"name": "sinewaves_short_0.1/sin_9"}]},
    "sinewaves.10": {"sounds": [{"name": "sinewaves_short_0.1/sin_10"}]},
    "sinewaves.11": {"sounds": [{"name": "sinewaves_short_0.1/sin_11"}]},
    "sinewaves.12": {"sounds": [{"name": "sinewaves_short_0.1/sin_12"}]},
    "sinewaves.13": {"sounds": [{"name": "sinewaves_short_0.1/sin_13"}]},
    "sinewaves.14": {"sounds": [{"name": "sinewaves_short_0.1/sin_14"}]},
    "sinewaves.15": {"sounds": [{"name": "sinewaves_short_0.1/sin_15"}]},
    "sinewaves.16": {"sounds": [{"name": "sinewaves_short_0.1/sin_16"}]},
    "sinewaves.17": {"sounds": [{"name": "sinewaves_short_0.1/sin_17"}]},
    "sinewaves.18": {"sounds": [{"name": "sinewaves_short_0.1/sin_18"}]},
    "sinewaves.19": {"sounds": [{"name": "sinewaves_short_0.1/sin_19"}]},
    "sinewaves.20": {"sounds": [{"name": "sinewaves_short_0.1/sin_20"}]},
    "sinewaves.21": {"sounds": [{"name": "sinewaves_short_0.1/sin_21"}]},
    "sinewaves.22": {"sounds": [{"name": "sinewaves_short_0.1/sin_22"}]},
    "sinewaves.23": {"sounds": [{"name": "sinewaves_short_0.1/sin_23"}]},
    "sinewaves.24": {"sounds": [{"name": "sinewaves_short_0.1/sin_24"}]},
    "sinewaves.25": {"sounds": [{"name": "sinewaves_short_0.1/sin_25"}]},
    "sinewaves.26": {"sounds": [{"name": "sinewaves_short_0.1/sin_26"}]},
    "sinewaves.27": {"sounds": [{"name": "sinewaves_short_0.1/sin_27"}]},
    "sinewaves.28": {"sounds": [{"name": "sinewaves_short_0.1/sin_28"}]},
    "sinewaves.29": {"sounds": [{"name": "sinewaves_short_0.1/sin_29"}]},
    "sinewaves.30": {"sounds": [{"name": "sinewaves_short_0.1/sin_30"}]},
    "sinewaves.31": {"sounds": [{"name": "sinewaves_short_0.1/sin_31"}]},
    "sinewaves.32": {"sounds": [{"name": "sinewaves_short_0.1/sin_32"}]},
    "sinewaves.33": {"sounds": [{"name": "sinewaves_short_0.1/sin_33"}]},
    "sinewaves.34": {"sounds": [{"name": "sinewaves_short_0.1/sin_34"}]},
    "sinewaves.35": {"sounds": [{"name": "sinewaves_short_0.1/sin_35"}]},
    "sinewaves.36": {"sounds": [{"name": "sinewaves_short_0.1/sin_36"}]},
    "sinewaves.37": {"sounds": [{"name": "sinewaves_short_0.1/sin_37"}]},
    "sinewaves.38": {"sounds": [{"name": "sinewaves_short_0.1/sin_38"}]},
    "sinewaves.39": {"sounds": [{"name": "sinewaves_short_0.1/sin_39"}]},
    "sinewaves.40": {"sounds": [{"name": "sinewaves_short_0.1/sin_40"}]},
    "sinewaves.41": {"sounds": [{"name": "sinewaves_short_0.1/sin_41"}]},
    "sinewaves.42": {"sounds": [{"name": "sinewaves_short_0.1/sin_42"}]},
    "sinewaves.43": {"sounds": [{"name": "sinewaves_short_0.1/sin_43"}]},
    "sinewaves.44": {"sounds": [{"name": "sinewaves_short_0.1/sin_44"}]},
    "sinewaves.45": {"sounds": [{"name": "sinewaves_short_0.1/sin_45"}]},
    "sinewaves.46": {"sounds": [{"name": "sinewaves_short_0.1/sin_46"}]},
    "sinewaves.47": {"sounds": [{"name": "sinewaves_short_0.1/sin_47"}]},
    "sinewaves.48": {"sounds": [{"name": "sinewaves_short_0.1/sin_48"}]},
    "sinewaves.49": {"sounds": [{"name": "sinewaves_short_0.1/sin_49"}]},
    "sinewaves.50": {"sounds": [{"name": "sinewaves_short_0.1/sin_50"}]},
    "sinewaves.51": {"sounds": [{"name": "sinewaves_short_0.1/sin_51"}]},
    "sinewaves.52": {"sounds": [{"name": "sinewaves_short_0.1/sin_52"}]},
    "sinewaves.53": {"sounds": [{"name": "sinewaves_short_0.1/sin_53"}]},
    "sinewaves.54": {"sounds": [{"name": "sinewaves_short_0.1/sin_54"}]},
    "sinewaves.55": {"sounds": [{"name": "sinewaves_short_0.1/sin_55"}]},
    "sinewaves.56": {"sounds": [{"name": "sinewaves_short_0.1/sin_56"}]},
    "sinewaves.57": {"sounds": [{"name": "sinewaves_short_0.1/sin_57"}]},
    "sinewaves.58": {"sounds": [{"name": "sinewaves_short_0.1/sin_58"}]},
    "sinewaves.59": {"sounds": [{"name": "sinewaves_short_0.1/sin_59"}]},
    "sinewaves.60": {"sounds": [{"name": "sinewaves_short_0.1/sin_60"}]},
    "sinewaves.61": {"sounds": [{"name": "sinewaves_short_0.1/sin_61"}]},
    "sinewaves.62": {"sounds": [{"name": "sinewaves_short_0.1/sin_62"}]},
    "sinewaves.63": {"sounds": [{"name": "sinewaves_short_0.1/sin_63"}]},
    "sinewaves.64": {"sounds": [{"name": "sinewaves_short_0.1/sin_64"}]},
    "sinewaves.65": {"sounds": [{"name": "sinewaves_short_0.1/sin_65"}]},
    "sinewaves.66": {"sounds": [{"name": "sinewaves_short_0.1/sin_66"}]},
    "sinewaves.67": {"sounds": [{"name": "sinewaves_short_0.1/sin_67"}]},
    "sinewaves.68": {"sounds": [{"name": "sinewaves_short_0.1/sin_68"}]},
    "sinewaves.69": {"sounds": [{"name": "sinewaves_short_0.1/sin_69"}]},
    "sinewaves.70": {"sounds": [{"name": "sinewaves_short_0.1/sin_70"}]},
    "sinewaves.71": {"sounds": [{"name": "sinewaves_short_0.1/sin_71"}]},
    "sinewaves.72": {"sounds": [{"name": "sinewaves_short_0.1/sin_72"}]},
    "sinewaves.73": {"sounds": [{"name": "sinewaves_short_0.1/sin_73"}]},
    "sinewaves.74": {"sounds": [{"name": "sinewaves_short_0.1/sin_74"}]},
    "sinewaves.75": {"sounds": [{"name": "sinewaves_short_0.1/sin_75"}]},
    "sinewaves.76": {"sounds": [{"name": "sinewaves_short_0.1/sin_76"}]},
    "sinewaves.77": {"sounds": [{"name": "sinewaves_short_0.1/sin_77"}]},
    "sinewaves.78": {"sounds": [{"name": "sinewaves_short_0.1/sin_78"}]},
    "sinewaves.79": {"sounds": [{"name": "sinewaves_short_0.1/sin_79"}]},
    "sinewaves.80": {"sounds": [{"name": "sinewaves_short_0.1/sin_80"}]},
    "sinewaves.81": {"sounds": [{"name": "sinewaves_short_0.1/sin_81"}]},
    "sinewaves.82": {"sounds": [{"name": "sinewaves_short_0.1/sin_82"}]},
    "sinewaves.83": {"sounds": [{"name": "sinewaves_short_0.1/sin_83"}]},
    "sinewaves.84": {"sounds": [{"name": "sinewaves_short_0.1/sin_84"}]},
    "sinewaves.85": {"sounds": [{"name": "sinewaves_short_0.1/sin_85"}]},
    "sinewaves.86": {"sounds": [{"name": "sinewaves_short_0.1/sin_86"}]},
    "sinewaves.87": {"sounds": [{"name": "sinewaves_short_0.1/sin_87"}]},
    "sinewaves.88": {"sounds": [{"name": "sinewaves_short_0.1/sin_88"}]},
    "sinewaves.89": {"sounds": [{"name": "sinewaves_short_0.1/sin_89"}]},
    "sinewaves.90": {"sounds": [{"name": "sinewaves_short_0.1/sin_90"}]},
    "sinewaves.91": {"sounds": [{"name": "sinewaves_short_0.1/sin_91"}]},
    "sinewaves.92": {"sounds": [{"name": "sinewaves_short_0.1/sin_92"}]},
    "sinewaves.93": {"sounds": [{"name": "sinewaves_short_0.1/sin_93"}]},
    "sinewaves.94": {"sounds": [{"name": "sinewaves_short_0.1/sin_94"}]},
    "sinewaves.95": {"sounds": [{"name": "sinewaves_short_0.1/sin_95"}]},
    "sinewaves.96": {"sounds": [{"name": "sinewaves_short_0.1/sin_96"}]},
    "sinewaves.97": {"sounds": [{"name": "sinewaves_short_0.1/sin_97"}]},
    "sinewaves.98": {"sounds": [{"name": "sinewaves_short_0.1/sin_98"}]},
    "sinewaves.99": {"sounds": [{"name": "sinewaves_short_0.1/sin_99"}]},
    "sinewaves.100": {"sounds": [{"name": "sinewaves_short_0.1/sin_100"}]},
    "sinewaves.101": {"sounds": [{"name": "sinewaves_short_0.1/sin_101"}]},
    "sinewaves.102": {"sounds": [{"name": "sinewaves_short_0.1/sin_102"}]},
    "sinewaves.103": {"sounds": [{"name": "sinewaves_short_0.1/sin_103"}]},
    "sinewaves.104": {"sounds": [{"name": "sinewaves_short_0.1/sin_104"}]},
    "sinewaves.105": {"sounds": [{"name": "sinewaves_short_0.1/sin_105"}]},
    "sinewaves.106": {"sounds": [{"name": "sinewaves_short_0.1/sin_106"}]},
    "sinewaves.107": {"sounds": [{"name": "sinewaves_short_0.1/sin_107"}]},
    "sinewaves.108": {"sounds": [{"name": "sinewaves_short_0.1/sin_108"}]},
    "sinewaves.109": {"sounds": [{"name": "sinewaves_short_0.1/sin_109"}]},
    "sinewaves.110": {"sounds": [{"name": "sinewaves_short_0.1/sin_110"}]},
    "sinewaves.111": {"sounds": [{"name": "sinewaves_short_0.1/sin_111"}]},
    "sinewaves.112": {"sounds": [{"name": "sinewaves_short_0.1/sin_112"}]},
    "sinewaves.113": {"sounds": [{"name": "sinewaves_short_0.1/sin_113"}]},
    "sinewaves.114": {"sounds": [{"name": "sinewaves_short_0.1/sin_114"}]},
    "sinewaves.115": {"sounds": [{"name": "sinewaves_short_0.1/sin_115"}]},
    "sinewaves.116": {"sounds": [{"name": "sinewaves_short_0.1/sin_116"}]},
    "sinewaves.117": {"sounds": [{"name": "sinewaves_short_0.1/sin_117"}]},
    "sinewaves.118": {"sounds": [{"name": "sinewaves_short_0.1/sin_118"}]},
    "sinewaves.119": {"sounds": [{"name": "sinewaves_short_0.1/sin_119"}]},
    "sinewaves.120": {"sounds": [{"name": "sinewaves_short_0.1/sin_120"}]},
    "sinewaves.121": {"sounds": [{"name": "sinewaves_short_0.1/sin_121"}]},
    "sinewaves.122": {"sounds": [{"name": "sinewaves_short_0.1/sin_122"}]},
    "sinewaves.123": {"sounds": [{"name": "sinewaves_short_0.1/sin_123"}]},
    "sinewaves.124": {"sounds": [{"name": "sinewaves_short_0.1/sin_124"}]},
    "sinewaves.125": {"sounds": [{"name": "sinewaves_short_0.1/sin_125"}]},
    "sinewaves.126": {"sounds": [{"name": "sinewaves_short_0.1/sin_126"}]},
    "sinewaves.127": {"sounds": [{"name": "sinewaves_short_0.1/sin_127"}]},
    "sinewaves.128": {"sounds": [{"name": "sinewaves_short_0.1/sin_128"}]},
    "sinewaves.129": {"sounds": [{"name": "sinewaves_short_0.1/sin_129"}]},
    "sinewaves.130": {"sounds": [{"name": "sinewaves_short_0.1/sin_130"}]},
    "sinewaves.131": {"sounds": [{"name": "sinewaves_short_0.1/sin_131"}]},
    "sinewaves.132": {"sounds": [{"name": "sinewaves_short_0.1/sin_132"}]},
    "sinewaves.133": {"sounds": [{"name": "sinewaves_short_0.1/sin_133"}]},
    "sinewaves.134": {"sounds": [{"name": "sinewaves_short_0.1/sin_134"}]},
    "sinewaves.135": {"sounds": [{"name": "sinewaves_short_0.1/sin_135"}]},
    "sinewaves.136": {"sounds": [{"name": "sinewaves_short_0.1/sin_136"}]},
    "sinewaves.137": {"sounds": [{"name": "sinewaves_short_0.1/sin_137"}]},
    "sinewaves.138": {"sounds": [{"name": "sinewaves_short_0.1/sin_138"}]},
    "sinewaves.139": {"sounds": [{"name": "sinewaves_short_0.1/sin_139"}]},
    "sinewaves.140": {"sounds": [{"name": "sinewaves_short_0.1/sin_140"}]},
    "sinewaves.141": {"sounds": [{"name": "sinewaves_short_0.1/sin_141"}]},
    "sinewaves.142": {"sounds": [{"name": "sinewaves_short_0.1/sin_142"}]},
    "sinewaves.143": {"sounds": [{"name": "sinewaves_short_0.1/sin_143"}]},
    "sinewaves.144": {"sounds": [{"name": "sinewaves_short_0.1/sin_144"}]},
    "sinewaves.145": {"sounds": [{"name": "sinewaves_short_0.1/sin_145"}]},
    "sinewaves.146": {"sounds": [{"name": "sinewaves_short_0.1/sin_146"}]},
    "sinewaves.147": {"sounds": [{"name": "sinewaves_short_0.1/sin_147"}]},
    "sinewaves.148": {"sounds": [{"name": "sinewaves_short_0.1/sin_148"}]},
    "sinewaves.149": {"sounds": [{"name": "sinewaves_short_0.1/sin_149"}]},
    "sinewaves.150": {"sounds": [{"name": "sinewaves_short_0.1/sin_150"}]},
    "sinewaves.151": {"sounds": [{"name": "sinewaves_short_0.1/sin_151"}]},
    "sinewaves.152": {"sounds": [{"name": "sinewaves_short_0.1/sin_152"}]},
    "sinewaves.153": {"sounds": [{"name": "sinewaves_short_0.1/sin_153"}]},
    "sinewaves.154": {"sounds": [{"name": "sinewaves_short_0.1/sin_154"}]},
    "sinewaves.155": {"sounds": [{"name": "sinewaves_short_0.1/sin_155"}]},
    "sinewaves.156": {"sounds": [{"name": "sinewaves_short_0.1/sin_156"}]},
    "sinewaves.157": {"sounds": [{"name": "sinewaves_short_0.1/sin_157"}]},
    "sinewaves.158": {"sounds": [{"name": "sinewaves_short_0.1/sin_158"}]},
    "sinewaves.159": {"sounds": [{"name": "sinewaves_short_0.1/sin_159"}]},
    "sinewaves.160": {"sounds": [{"name": "sinewaves_short_0.1/sin_160"}]},
    "sinewaves.161": {"sounds": [{"name": "sinewaves_short_0.1/sin_161"}]},
    "sinewaves.162": {"sounds": [{"name": "sinewaves_short_0.1/sin_162"}]},
    "sinewaves.163": {"sounds": [{"name": "sinewaves_short_0.1/sin_163"}]},
    "sinewaves.164": {"sounds": [{"name": "sinewaves_short_0.1/sin_164"}]},
    "sinewaves.165": {"sounds": [{"name": "sinewaves_short_0.1/sin_165"}]},
    "sinewaves.166": {"sounds": [{"name": "sinewaves_short_0.1/sin_166"}]},
    "sinewaves.167": {"sounds": [{"name": "sinewaves_short_0.1/sin_167"}]},
    "sinewaves.168": {"sounds": [{"name": "sinewaves_short_0.1/sin_168"}]},
    "sinewaves.169": {"sounds": [{"name": "sinewaves_short_0.1/sin_169"}]},
    "sinewaves.170": {"sounds": [{"name": "sinewaves_short_0.1/sin_170"}]},
    "sinewaves.171": {"sounds": [{"name": "sinewaves_short_0.1/sin_171"}]},
    "sinewaves.172": {"sounds": [{"name": "sinewaves_short_0.1/sin_172"}]},
    "sinewaves.173": {"sounds": [{"name": "sinewaves_short_0.1/sin_173"}]},
    "sinewaves.174": {"sounds": [{"name": "sinewaves_short_0.1/sin_174"}]},
    "sinewaves.175": {"sounds": [{"name": "sinewaves_short_0.1/sin_175"}]},
    "sinewaves.176": {"sounds": [{"name": "sinewaves_short_0.1/sin_176"}]},
    "sinewaves.177": {"sounds": [{"name": "sinewaves_short_0.1/sin_177"}]},
    "sinewaves.178": {"sounds": [{"name": "sinewaves_short_0.1/sin_178"}]},
    "sinewaves.179": {"sounds": [{"name": "sinewaves_short_0.1/sin_179"}]},
    "sinewaves.180": {"sounds": [{"name": "sinewaves_short_0.1/sin_180"}]},
    "sinewaves.181": {"sounds": [{"name": "sinewaves_short_0.1/sin_181"}]},
    "sinewaves.182": {"sounds": [{"name": "sinewaves_short_0.1/sin_182"}]},
    "sinewaves.183": {"sounds": [{"name": "sinewaves_short_0.1/sin_183"}]},
    "sinewaves.184": {"sounds": [{"name": "sinewaves_short_0.1/sin_184"}]},
    "sinewaves.185": {"sounds": [{"name": "sinewaves_short_0.1/sin_185"}]},
    "sinewaves.186": {"sounds": [{"name": "sinewaves_short_0.1/sin_186"}]},
    "sinewaves.187": {"sounds": [{"name": "sinewaves_short_0.1/sin_187"}]},
    "sinewaves.188": {"sounds": [{"name": "sinewaves_short_0.1/sin_188"}]},
    "sinewaves.189": {"sounds": [{"name": "sinewaves_short_0.1/sin_189"}]},
    "sinewaves.190": {"sounds": [{"name": "sinewaves_short_0.1/sin_190"}]},
    "sinewaves.191": {"sounds": [{"name": "sinewaves_short_0.1/sin_191"}]},
    "sinewaves.192": {"sounds": [{"name": "sinewaves_short_0.1/sin_192"}]},
    "sinewaves.193": {"sounds": [{"name": "sinewaves_short_0.1/sin_193"}]},
    "sinewaves.194": {"sounds": [{"name": "sinewaves_short_0.1/sin_194"}]},
    "sinewaves.195": {"sounds": [{"name": "sinewaves_short_0.1/sin_195"}]},
    "sinewaves.196": {"sounds": [{"name": "sinewaves_short_0.1/sin_196"}]},
    "sinewaves.197": {"sounds": [{"name": "sinewaves_short_0.1/sin_197"}]},
    "sinewaves.198": {"sounds": [{"name": "sinewaves_short_0.1/sin_198"}]},
    "sinewaves.199": {"sounds": [{"name": "sinewaves_short_0.1/sin_199"}]},
    "sinewaves.200": {"sounds": [{"name": "sinewaves_short_0.1/sin_200"}]},
    "sinewaves.201": {"sounds": [{"name": "sinewaves_short_0.1/sin_201"}]},
    "sinewaves.202": {"sounds": [{"name": "sinewaves_short_0.1/sin_202"}]},
    "sinewaves.203": {"sounds": [{"name": "sinewaves_short_0.1/sin_203"}]},
    "sinewaves.204": {"sounds": [{"name": "sinewaves_short_0.1/sin_204"}]},
    "sinewaves.205": {"sounds": [{"name": "sinewaves_short_0.1/sin_205"}]},
    "sinewaves.206": {"sounds": [{"name": "sinewaves_short_0.1/sin_206"}]},
    "sinewaves.207": {"sounds": [{"name": "sinewaves_short_0.1/sin_207"}]},
    "sinewaves.208": {"sounds": [{"name": "sinewaves_short_0.1/sin_208"}]},
    "sinewaves.209": {"sounds": [{"name": "sinewaves_short_0.1/sin_209"}]},
    "sinewaves.210": {"sounds": [{"name": "sinewaves_short_0.1/sin_210"}]},
    "sinewaves.211": {"sounds": [{"name": "sinewaves_short_0.1/sin_211"}]},
    "sinewaves.212": {"sounds": [{"name": "sinewaves_short_0.1/sin_212"}]},
    "sinewaves.213": {"sounds": [{"name": "sinewaves_short_0.1/sin_213"}]},
    "sinewaves.214": {"sounds": [{"name": "sinewaves_short_0.1/sin_214"}]},
    "sinewaves.215": {"sounds": [{"name": "sinewaves_short_0.1/sin_215"}]},
    "sinewaves.216": {"sounds": [{"name": "sinewaves_short_0.1/sin_216"}]},
    "sinewaves.217": {"sounds": [{"name": "sinewaves_short_0.1/sin_217"}]},
    "sinewaves.218": {"sounds": [{"name": "sinewaves_short_0.1/sin_218"}]},
    "sinewaves.219": {"sounds": [{"name": "sinewaves_short_0.1/sin_219"}]},
    "sinewaves.220": {"sounds": [{"name": "sinewaves_short_0.1/sin_220"}]},
    "sinewaves.221": {"sounds": [{"name": "sinewaves_short_0.1/sin_221"}]},
    "sinewaves.222": {"sounds": [{"name": "sinewaves_short_0.1/sin_222"}]},
    "sinewaves.223": {"sounds": [{"name": "sinewaves_short_0.1/sin_223"}]},
    "sinewaves.224": {"sounds": [{"name": "sinewaves_short_0.1/sin_224"}]},
    "sinewaves.225": {"sounds": [{"name": "sinewaves_short_0.1/sin_225"}]},
    "sinewaves.226": {"sounds": [{"name": "sinewaves_short_0.1/sin_226"}]},
    "sinewaves.227": {"sounds": [{"name": "sinewaves_short_0.1/sin_227"}]},
    "sinewaves.228": {"sounds": [{"name": "sinewaves_short_0.1/sin_228"}]},
    "sinewaves.229": {"sounds": [{"name": "sinewaves_short_0.1/sin_229"}]},
    "sinewaves.230": {"sounds": [{"name": "sinewaves_short_0.1/sin_230"}]},
    "sinewaves.231": {"sounds": [{"name": "sinewaves_short_0.1/sin_231"}]},
    "sinewaves.232": {"sounds": [{"name": "sinewaves_short_0.1/sin_232"}]},
    "sinewaves.233": {"sounds": [{"name": "sinewaves_short_0.1/sin_233"}]},
    "sinewaves.234": {"sounds": [{"name": "sinewaves_short_0.1/sin_234"}]},
    "sinewaves.235": {"sounds": [{"name": "sinewaves_short_0.1/sin_235"}]},
    "sinewaves.236": {"sounds": [{"name": "sinewaves_short_0.1/sin_236"}]},
    "sinewaves.237": {"sounds": [{"name": "sinewaves_short_0.1/sin_237"}]},
    "sinewaves.238": {"sounds": [{"name": "sinewaves_short_0.1/sin_238"}]},
    "sinewaves.239": {"sounds": [{"name": "sinewaves_short_0.1/sin_239"}]},
    "sinewaves.240": {"sounds": [{"name": "sinewaves_short_0.1/sin_240"}]},
    "sinewaves.241": {"sounds": [{"name": "sinewaves_short_0.1/sin_241"}]},
    "sinewaves.242": {"sounds": [{"name": "sinewaves_short_0.1/sin_242"}]},
    "sinewaves.243": {"sounds": [{"name": "sinewaves_short_0.1/sin_243"}]},
    "sinewaves.244": {"sounds": [{"name": "sinewaves_short_0.1/sin_244"}]},
    "sinewaves.245": {"sounds": [{"name": "sinewaves_short_0.1/sin_245"}]},
    "sinewaves.246": {"sounds": [{"name": "sinewaves_short_0.1/sin_246"}]},
    "sinewaves.247": {"sounds": [{"name": "sinewaves_short_0.1/sin_247"}]},
    "sinewaves.248": {"sounds": [{"name": "sinewaves_short_0.1/sin_248"}]},
    "sinewaves.249": {"sounds": [{"name": "sinewaves_short_0.1/sin_249"}]},
    "sinewaves.250": {"sounds": [{"name": "sinewaves_short_0.1/sin_250"}]},
    "sinewaves.251": {"sounds": [{"name": "sinewaves_short_0.1/sin_251"}]},
    "sinewaves.252": {"sounds": [{"name": "sinewaves_short_0.1/sin_252"}]},
    "sinewaves.253": {"sounds": [{"name": "sinewaves_short_0.1/sin_253"}]},
    "sinewaves.254": {"sounds": [{"name": "sinewaves_short_0.1/sin_254"}]},
    "sinewaves.255": {"sounds": [{"name": "sinewaves_short_0.1/sin_255"}]},
    "sinewaves.256": {"sounds": [{"name": "sinewaves_short_0.1/sin_256"}]},
    "sinewaves.257": {"sounds": [{"name": "sinewaves_short_0.1/sin_257"}]},
    "sinewaves.258": {"sounds": [{"name": "sinewaves_short_0.1/sin_258"}]},
    "sinewaves.259": {"sounds": [{"name": "sinewaves_short_0.1/sin_259"}]},
    "sinewaves.260": {"sounds": [{"name": "sinewaves_short_0.1/sin_260"}]},
    "sinewaves.261": {"sounds": [{"name": "sinewaves_short_0.1/sin_261"}]},
    "sinewaves.262": {"sounds": [{"name": "sinewaves_short_0.1/sin_262"}]},
    "sinewaves.263": {"sounds": [{"name": "sinewaves_short_0.1/sin_263"}]},
    "sinewaves.264": {"sounds": [{"name": "sinewaves_short_0.1/sin_264"}]},
    "sinewaves.265": {"sounds": [{"name": "sinewaves_short_0.1/sin_265"}]},
    "sinewaves.266": {"sounds": [{"name": "sinewaves_short_0.1/sin_266"}]},
    "sinewaves.267": {"sounds": [{"name": "sinewaves_short_0.1/sin_267"}]},
    "sinewaves.268": {"sounds": [{"name": "sinewaves_short_0.1/sin_268"}]},
    "sinewaves.269": {"sounds": [{"name": "sinewaves_short_0.1/sin_269"}]},
    "sinewaves.270": {"sounds": [{"name": "sinewaves_short_0.1/sin_270"}]},
    "sinewaves.271": {"sounds": [{"name": "sinewaves_short_0.1/sin_271"}]},
    "sinewaves.272": {"sounds": [{"name": "sinewaves_short_0.1/sin_272"}]},
    "sinewaves.273": {"sounds": [{"name": "sinewaves_short_0.1/sin_273"}]},
    "sinewaves.274": {"sounds": [{"name": "sinewaves_short_0.1/sin_274"}]},
    "sinewaves.275": {"sounds": [{"name": "sinewaves_short_0.1/sin_275"}]},
    "sinewaves.276": {"sounds": [{"name": "sinewaves_short_0.1/sin_276"}]},
    "sinewaves.277": {"sounds": [{"name": "sinewaves_short_0.1/sin_277"}]},
    "sinewaves.278": {"sounds": [{"name": "sinewaves_short_0.1/sin_278"}]},
    "sinewaves.279": {"sounds": [{"name": "sinewaves_short_0.1/sin_279"}]},
    "sinewaves.280": {"sounds": [{"name": "sinewaves_short_0.1/sin_280"}]},
    "sinewaves.281": {"sounds": [{"name": "sinewaves_short_0.1/sin_281"}]},
    "sinewaves.282": {"sounds": [{"name": "sinewaves_short_0.1/sin_282"}]},
    "sinewaves.283": {"sounds": [{"name": "sinewaves_short_0.1/sin_283"}]},
    "sinewaves.284": {"sounds": [{"name": "sinewaves_short_0.1/sin_284"}]},
    "sinewaves.285": {"sounds": [{"name": "sinewaves_short_0.1/sin_285"}]},
    "sinewaves.286": {"sounds": [{"name": "sinewaves_short_0.1/sin_286"}]},
    "sinewaves.287": {"sounds": [{"name": "sinewaves_short_0.1/sin_287"}]},
    "sinewaves.288": {"sounds": [{"name": "sinewaves_short_0.1/sin_288"}]},
    "sinewaves.289": {"sounds": [{"name": "sinewaves_short_0.1/sin_289"}]},
    "sinewaves.290": {"sounds": [{"name": "sinewaves_short_0.1/sin_290"}]},
    "sinewaves.291": {"sounds": [{"name": "sinewaves_short_0.1/sin_291"}]},
    "sinewaves.292": {"sounds": [{"name": "sinewaves_short_0.1/sin_292"}]},
    "sinewaves.293": {"sounds": [{"name": "sinewaves_short_0.1/sin_293"}]},
    "sinewaves.294": {"sounds": [{"name": "sinewaves_short_0.1/sin_294"}]},
    "sinewaves.295": {"sounds": [{"name": "sinewaves_short_0.1/sin_295"}]},
    "sinewaves.296": {"sounds": [{"name": "sinewaves_short_0.1/sin_296"}]},
    "sinewaves.297": {"sounds": [{"name": "sinewaves_short_0.1/sin_297"}]},
    "sinewaves.298": {"sounds": [{"name": "sinewaves_short_0.1/sin_298"}]},
    "sinewaves.299": {"sounds": [{"name": "sinewaves_short_0.1/sin_299"}]},
    "sinewaves.300": {"sounds": [{"name": "sinewaves_short_0.1/sin_300"}]},
    "sinewaves.301": {"sounds": [{"name": "sinewaves_short_0.1/sin_301"}]},
    "sinewaves.302": {"sounds": [{"name": "sinewaves_short_0.1/sin_302"}]},
    "sinewaves.303": {"sounds": [{"name": "sinewaves_short_0.1/sin_303"}]},
    "sinewaves.304": {"sounds": [{"name": "sinewaves_short_0.1/sin_304"}]},
    "sinewaves.305": {"sounds": [{"name": "sinewaves_short_0.1/sin_305"}]},
    "sinewaves.306": {"sounds": [{"name": "sinewaves_short_0.1/sin_306"}]},
    "sinewaves.307": {"sounds": [{"name": "sinewaves_short_0.1/sin_307"}]},
    "sinewaves.308": {"sounds": [{"name": "sinewaves_short_0.1/sin_308"}]},
    "sinewaves.309": {"sounds": [{"name": "sinewaves_short_0.1/sin_309"}]},
    "sinewaves.310": {"sounds": [{"name": "sinewaves_short_0.1/sin_310"}]},
    "sinewaves.311": {"sounds": [{"name": "sinewaves_short_0.1/sin_311"}]},
    "sinewaves.312": {"sounds": [{"name": "sinewaves_short_0.1/sin_312"}]},
    "sinewaves.313": {"sounds": [{"name": "sinewaves_short_0.1/sin_313"}]},
    "sinewaves.314": {"sounds": [{"name": "sinewaves_short_0.1/sin_314"}]},
    "sinewaves.315": {"sounds": [{"name": "sinewaves_short_0.1/sin_315"}]},
    "sinewaves.316": {"sounds": [{"name": "sinewaves_short_0.1/sin_316"}]},
    "sinewaves.317": {"sounds": [{"name": "sinewaves_short_0.1/sin_317"}]},
    "sinewaves.318": {"sounds": [{"name": "sinewaves_short_0.1/sin_318"}]},
    "sinewaves.319": {"sounds": [{"name": "sinewaves_short_0.1/sin_319"}]},
    "sinewaves.320": {"sounds": [{"name": "sinewaves_short_0.1/sin_320"}]},
    "sinewaves.321": {"sounds": [{"name": "sinewaves_short_0.1/sin_321"}]},
    "sinewaves.322": {"sounds": [{"name": "sinewaves_short_0.1/sin_322"}]},
    "sinewaves.323": {"sounds": [{"name": "sinewaves_short_0.1/sin_323"}]},
    "sinewaves.324": {"sounds": [{"name": "sinewaves_short_0.1/sin_324"}]},
    "sinewaves.325": {"sounds": [{"name": "sinewaves_short_0.1/sin_325"}]},
    "sinewaves.326": {"sounds": [{"name": "sinewaves_short_0.1/sin_326"}]},
    "sinewaves.327": {"sounds": [{"name": "sinewaves_short_0.1/sin_327"}]},
    "sinewaves.328": {"sounds": [{"name": "sinewaves_short_0.1/sin_328"}]},
    "sinewaves.329": {"sounds": [{"name": "sinewaves_short_0.1/sin_329"}]},
    "sinewaves.330": {"sounds": [{"name": "sinewaves_short_0.1/sin_330"}]},
    "sinewaves.331": {"sounds": [{"name": "sinewaves_short_0.1/sin_331"}]},
    "sinewaves.332": {"sounds": [{"name": "sinewaves_short_0.1/sin_332"}]},
    "sinewaves.333": {"sounds": [{"name": "sinewaves_short_0.1/sin_333"}]},
    "sinewaves.334": {"sounds": [{"name": "sinewaves_short_0.1/sin_334"}]},
    "sinewaves.335": {"sounds": [{"name": "sinewaves_short_0.1/sin_335"}]},
    "sinewaves.336": {"sounds": [{"name": "sinewaves_short_0.1/sin_336"}]},
    "sinewaves.337": {"sounds": [{"name": "sinewaves_short_0.1/sin_337"}]},
    "sinewaves.338": {"sounds": [{"name": "sinewaves_short_0.1/sin_338"}]},
    "sinewaves.339": {"sounds": [{"name": "sinewaves_short_0.1/sin_339"}]},
    "sinewaves.340": {"sounds": [{"name": "sinewaves_short_0.1/sin_340"}]},
    "sinewaves.341": {"sounds": [{"name": "sinewaves_short_0.1/sin_341"}]},
    "sinewaves.342": {"sounds": [{"name": "sinewaves_short_0.1/sin_342"}]},
    "sinewaves.343": {"sounds": [{"name": "sinewaves_short_0.1/sin_343"}]},
    "sinewaves.344": {"sounds": [{"name": "sinewaves_short_0.1/sin_344"}]},
    "sinewaves.345": {"sounds": [{"name": "sinewaves_short_0.1/sin_345"}]},
    "sinewaves.346": {"sounds": [{"name": "sinewaves_short_0.1/sin_346"}]},
    "sinewaves.347": {"sounds": [{"name": "sinewaves_short_0.1/sin_347"}]},
    "sinewaves.348": {"sounds": [{"name": "sinewaves_short_0.1/sin_348"}]},
    "sinewaves.349": {"sounds": [{"name": "sinewaves_short_0.1/sin_349"}]},
    "sinewaves.350": {"sounds": [{"name": "sinewaves_short_0.1/sin_350"}]},
    "sinewaves.351": {"sounds": [{"name": "sinewaves_short_0.1/sin_351"}]},
    "sinewaves.352": {"sounds": [{"name": "sinewaves_short_0.1/sin_352"}]},
    "sinewaves.353": {"sounds": [{"name": "sinewaves_short_0.1/sin_353"}]},
    "sinewaves.354": {"sounds": [{"name": "sinewaves_short_0.1/sin_354"}]},
    "sinewaves.355": {"sounds": [{"name": "sinewaves_short_0.1/sin_355"}]},
    "sinewaves.356": {"sounds": [{"name": "sinewaves_short_0.1/sin_356"}]},
    "sinewaves.357": {"sounds": [{"name": "sinewaves_short_0.1/sin_357"}]},
    "sinewaves.358": {"sounds": [{"name": "sinewaves_short_0.1/sin_358"}]},
    "sinewaves.359": {"sounds": [{"name": "sinewaves_short_0.1/sin_359"}]},
    "sinewaves.360": {"sounds": [{"name": "sinewaves_short_0.1/sin_360"}]},
    "sinewaves.361": {"sounds": [{"name": "sinewaves_short_0.1/sin_361"}]},
    "sinewaves.362": {"sounds": [{"name": "sinewaves_short_0.1/sin_362"}]},
    "sinewaves.363": {"sounds": [{"name": "sinewaves_short_0.1/sin_363"}]},
    "sinewaves.364": {"sounds": [{"name": "sinewaves_short_0.1/sin_364"}]},
    "sinewaves.365": {"sounds": [{"name": "sinewaves_short_0.1/sin_365"}]},
    "sinewaves.366": {"sounds": [{"name": "sinewaves_short_0.1/sin_366"}]},
    "sinewaves.367": {"sounds": [{"name": "sinewaves_short_0.1/sin_367"}]},
    "sinewaves.368": {"sounds": [{"name": "sinewaves_short_0.1/sin_368"}]},
    "sinewaves.369": {"sounds": [{"name": "sinewaves_short_0.1/sin_369"}]},
    "sinewaves.370": {"sounds": [{"name": "sinewaves_short_0.1/sin_370"}]},
    "sinewaves.371": {"sounds": [{"name": "sinewaves_short_0.1/sin_371"}]},
    "sinewaves.372": {"sounds": [{"name": "sinewaves_short_0.1/sin_372"}]},
    "sinewaves.373": {"sounds": [{"name": "sinewaves_short_0.1/sin_373"}]},
    "sinewaves.374": {"sounds": [{"name": "sinewaves_short_0.1/sin_374"}]},
    "sinewaves.375": {"sounds": [{"name": "sinewaves_short_0.1/sin_375"}]},
    "sinewaves.376": {"sounds": [{"name": "sinewaves_short_0.1/sin_376"}]},
    "sinewaves.377": {"sounds": [{"name": "sinewaves_short_0.1/sin_377"}]},
    "sinewaves.378": {"sounds": [{"name": "sinewaves_short_0.1/sin_378"}]},
    "sinewaves.379": {"sounds": [{"name": "sinewaves_short_0.1/sin_379"}]},
    "sinewaves.380": {"sounds": [{"name": "sinewaves_short_0.1/sin_380"}]},
    "sinewaves.381": {"sounds": [{"name": "sinewaves_short_0.1/sin_381"}]},
    "sinewaves.382": {"sounds": [{"name": "sinewaves_short_0.1/sin_382"}]},
    "sinewaves.383": {"sounds": [{"name": "sinewaves_short_0.1/sin_383"}]},
    "sinewaves.384": {"sounds": [{"name": "sinewaves_short_0.1/sin_384"}]},
    "sinewaves.385": {"sounds": [{"name": "sinewaves_short_0.1/sin_385"}]},
    "sinewaves.386": {"sounds": [{"name": "sinewaves_short_0.1/sin_386"}]},
    "sinewaves.387": {"sounds": [{"name": "sinewaves_short_0.1/sin_387"}]},
    "sinewaves.388": {"sounds": [{"name": "sinewaves_short_0.1/sin_388"}]},
    "sinewaves.389": {"sounds": [{"name": "sinewaves_short_0.1/sin_389"}]},
    "sinewaves.390": {"sounds": [{"name": "sinewaves_short_0.1/sin_390"}]},
    "sinewaves.391": {"sounds": [{"name": "sinewaves_short_0.1/sin_391"}]},
    "sinewaves.392": {"sounds": [{"name": "sinewaves_short_0.1/sin_392"}]},
    "sinewaves.393": {"sounds": [{"name": "sinewaves_short_0.1/sin_393"}]},
    "sinewaves.394": {"sounds": [{"name": "sinewaves_short_0.1/sin_394"}]},
    "sinewaves.395": {"sounds": [{"name": "sinewaves_short_0.1/sin_395"}]},
    "sinewaves.396": {"sounds": [{"name": "sinewaves_short_0.1/sin_396"}]},
    "sinewaves.397": {"sounds": [{"name": "sinewaves_short_0.1/sin_397"}]},
    "sinewaves.398": {"sounds": [{"name": "sinewaves_short_0.1/sin_398"}]},
    "sinewaves.399": {"sounds": [{"name": "sinewaves_short_0.1/sin_399"}]},
    "sinewaves.400": {"sounds": [{"name": "sinewaves_short_0.1/sin_400"}]},
    "sinewaves.401": {"sounds": [{"name": "sinewaves_short_0.1/sin_401"}]},
    "sinewaves.402": {"sounds": [{"name": "sinewaves_short_0.1/sin_402"}]},
    "sinewaves.403": {"sounds": [{"name": "sinewaves_short_0.1/sin_403"}]},
    "sinewaves.404": {"sounds": [{"name": "sinewaves_short_0.1/sin_404"}]},
    "sinewaves.405": {"sounds": [{"name": "sinewaves_short_0.1/sin_405"}]},
    "sinewaves.406": {"sounds": [{"name": "sinewaves_short_0.1/sin_406"}]},
    "sinewaves.407": {"sounds": [{"name": "sinewaves_short_0.1/sin_407"}]},
    "sinewaves.408": {"sounds": [{"name": "sinewaves_short_0.1/sin_408"}]},
    "sinewaves.409": {"sounds": [{"name": "sinewaves_short_0.1/sin_409"}]},
    "sinewaves.410": {"sounds": [{"name": "sinewaves_short_0.1/sin_410"}]},
    "sinewaves.411": {"sounds": [{"name": "sinewaves_short_0.1/sin_411"}]},
    "sinewaves.412": {"sounds": [{"name": "sinewaves_short_0.1/sin_412"}]},
    "sinewaves.413": {"sounds": [{"name": "sinewaves_short_0.1/sin_413"}]},
    "sinewaves.414": {"sounds": [{"name": "sinewaves_short_0.1/sin_414"}]},
    "sinewaves.415": {"sounds": [{"name": "sinewaves_short_0.1/sin_415"}]},
    "sinewaves.416": {"sounds": [{"name": "sinewaves_short_0.1/sin_416"}]},
    "sinewaves.417": {"sounds": [{"name": "sinewaves_short_0.1/sin_417"}]},
    "sinewaves.418": {"sounds": [{"name": "sinewaves_short_0.1/sin_418"}]},
    "sinewaves.419": {"sounds": [{"name": "sinewaves_short_0.1/sin_419"}]},
    "sinewaves.420": {"sounds": [{"name": "sinewaves_short_0.1/sin_420"}]},
    "sinewaves.421": {"sounds": [{"name": "sinewaves_short_0.1/sin_421"}]},
    "sinewaves.422": {"sounds": [{"name": "sinewaves_short_0.1/sin_422"}]},
    "sinewaves.423": {"sounds": [{"name": "sinewaves_short_0.1/sin_423"}]},
    "sinewaves.424": {"sounds": [{"name": "sinewaves_short_0.1/sin_424"}]},
    "sinewaves.425": {"sounds": [{"name": "sinewaves_short_0.1/sin_425"}]},
    "sinewaves.426": {"sounds": [{"name": "sinewaves_short_0.1/sin_426"}]},
    "sinewaves.427": {"sounds": [{"name": "sinewaves_short_0.1/sin_427"}]},
    "sinewaves.428": {"sounds": [{"name": "sinewaves_short_0.1/sin_428"}]},
    "sinewaves.429": {"sounds": [{"name": "sinewaves_short_0.1/sin_429"}]},
    "sinewaves.430": {"sounds": [{"name": "sinewaves_short_0.1/sin_430"}]},
    "sinewaves.431": {"sounds": [{"name": "sinewaves_short_0.1/sin_431"}]},
    "sinewaves.432": {"sounds": [{"name": "sinewaves_short_0.1/sin_432"}]},
    "sinewaves.433": {"sounds": [{"name": "sinewaves_short_0.1/sin_433"}]},
    "sinewaves.434": {"sounds": [{"name": "sinewaves_short_0.1/sin_434"}]},
    "sinewaves.435": {"sounds": [{"name": "sinewaves_short_0.1/sin_435"}]},
    "sinewaves.436": {"sounds": [{"name": "sinewaves_short_0.1/sin_436"}]},
    "sinewaves.437": {"sounds": [{"name": "sinewaves_short_0.1/sin_437"}]},
    "sinewaves.438": {"sounds": [{"name": "sinewaves_short_0.1/sin_438"}]},
    "sinewaves.439": {"sounds": [{"name": "sinewaves_short_0.1/sin_439"}]},
    "sinewaves.440": {"sounds": [{"name": "sinewaves_short_0.1/sin_440"}]},
    "sinewaves.441": {"sounds": [{"name": "sinewaves_short_0.1/sin_441"}]},
    "sinewaves.442": {"sounds": [{"name": "sinewaves_short_0.1/sin_442"}]},
    "sinewaves.443": {"sounds": [{"name": "sinewaves_short_0.1/sin_443"}]},
    "sinewaves.444": {"sounds": [{"name": "sinewaves_short_0.1/sin_444"}]},
    "sinewaves.445": {"sounds": [{"name": "sinewaves_short_0.1/sin_445"}]},
    "sinewaves.446": {"sounds": [{"name": "sinewaves_short_0.1/sin_446"}]},
    "sinewaves.447": {"sounds": [{"name": "sinewaves_short_0.1/sin_447"}]},
    "sinewaves.448": {"sounds": [{"name": "sinewaves_short_0.1/sin_448"}]},
    "sinewaves.449": {"sounds": [{"name": "sinewaves_short_0.1/sin_449"}]},
    "sinewaves.450": {"sounds": [{"name": "sinewaves_short_0.1/sin_450"}]},
    "sinewaves.451": {"sounds": [{"name": "sinewaves_short_0.1/sin_451"}]},
    "sinewaves.452": {"sounds": [{"name": "sinewaves_short_0.1/sin_452"}]},
    "sinewaves.453": {"sounds": [{"name": "sinewaves_short_0.1/sin_453"}]},
    "sinewaves.454": {"sounds": [{"name": "sinewaves_short_0.1/sin_454"}]},
    "sinewaves.455": {"sounds": [{"name": "sinewaves_short_0.1/sin_455"}]},
    "sinewaves.456": {"sounds": [{"name": "sinewaves_short_0.1/sin_456"}]},
    "sinewaves.457": {"sounds": [{"name": "sinewaves_short_0.1/sin_457"}]},
    "sinewaves.458": {"sounds": [{"name": "sinewaves_short_0.1/sin_458"}]},
    "sinewaves.459": {"sounds": [{"name": "sinewaves_short_0.1/sin_459"}]},
    "sinewaves.460": {"sounds": [{"name": "sinewaves_short_0.1/sin_460"}]},
    "sinewaves.461": {"sounds": [{"name": "sinewaves_short_0.1/sin_461"}]},
    "sinewaves.462": {"sounds": [{"name": "sinewaves_short_0.1/sin_462"}]},
    "sinewaves.463": {"sounds": [{"name": "sinewaves_short_0.1/sin_463"}]},
    "sinewaves.464": {"sounds": [{"name": "sinewaves_short_0.1/sin_464"}]},
    "sinewaves.465": {"sounds": [{"name": "sinewaves_short_0.1/sin_465"}]},
    "sinewaves.466": {"sounds": [{"name": "sinewaves_short_0.1/sin_466"}]},
    "sinewaves.467": {"sounds": [{"name": "sinewaves_short_0.1/sin_467"}]},
    "sinewaves.468": {"sounds": [{"name": "sinewaves_short_0.1/sin_468"}]},
    "sinewaves.469": {"sounds": [{"name": "sinewaves_short_0.1/sin_469"}]},
    "sinewaves.470": {"sounds": [{"name": "sinewaves_short_0.1/sin_470"}]},
    "sinewaves.471": {"sounds": [{"name": "sinewaves_short_0.1/sin_471"}]},
    "sinewaves.472": {"sounds": [{"name": "sinewaves_short_0.1/sin_472"}]},
    "sinewaves.473": {"sounds": [{"name": "sinewaves_short_0.1/sin_473"}]},
    "sinewaves.474": {"sounds": [{"name": "sinewaves_short_0.1/sin_474"}]},
    "sinewaves.475": {"sounds": [{"name": "sinewaves_short_0.1/sin_475"}]},
    "sinewaves.476": {"sounds": [{"name": "sinewaves_short_0.1/sin_476"}]},
    "sinewaves.477": {"sounds": [{"name": "sinewaves_short_0.1/sin_477"}]},
    "sinewaves.478": {"sounds": [{"name": "sinewaves_short_0.1/sin_478"}]},
    "sinewaves.479": {"sounds": [{"name": "sinewaves_short_0.1/sin_479"}]},
    "sinewaves.480": {"sounds": [{"name": "sinewaves_short_0.1/sin_480"}]},
    "sinewaves.481": {"sounds": [{"name": "sinewaves_short_0.1/sin_481"}]},
    "sinewaves.482": {"sounds": [{"name": "sinewaves_short_0.1/sin_482"}]},
    "sinewaves.483": {"sounds": [{"name": "sinewaves_short_0.1/sin_483"}]},
    "sinewaves.484": {"sounds": [{"name": "sinewaves_short_0.1/sin_484"}]},
    "sinewaves.485": {"sounds": [{"name": "sinewaves_short_0.1/sin_485"}]},
    "sinewaves.486": {"sounds": [{"name": "sinewaves_short_0.1/sin_486"}]},
    "sinewaves.487": {"sounds": [{"name": "sinewaves_short_0.1/sin_487"}]},
    "sinewaves.488": {"sounds": [{"name": "sinewaves_short_0.1/sin_488"}]},
    "sinewaves.489": {"sounds": [{"name": "sinewaves_short_0.1/sin_489"}]},
    "sinewaves.490": {"sounds": [{"name": "sinewaves_short_0.1/sin_490"}]},
    "sinewaves.491": {"sounds": [{"name": "sinewaves_short_0.1/sin_491"}]},
    "sinewaves.492": {"sounds": [{"name": "sinewaves_short_0.1/sin_492"}]},
    "sinewaves.493": {"sounds": [{"name": "sinewaves_short_0.1/sin_493"}]},
    "sinewaves.494": {"sounds": [{"name": "sinewaves_short_0.1/sin_494"}]},
    "sinewaves.495": {"sounds": [{"name": "sinewaves_short_0.1/sin_495"}]},
    "sinewaves.496": {"sounds": [{"name": "sinewaves_short_0.1/sin_496"}]},
    "sinewaves.497": {"sounds": [{"name": "sinewaves_short_0.1/sin_497"}]},
    "sinewaves.498": {"sounds": [{"name": "sinewaves_short_0.1/sin_498"}]},
    "sinewaves.499": {"sounds": [{"name": "sinewaves_short_0.1/sin_499"}]},
    "sinewaves.500": {"sounds": [{"name": "sinewaves_short_0.1/sin_500"}]},
    "sinewaves.510": {"sounds": [{"name": "sinewaves_short_0.1/sin_510"}]},
    "sinewaves.520": {"sounds": [{"name": "sinewaves_short_0.1/sin_520"}]},
    "sinewaves.530": {"sounds": [{"name": "sinewaves_short_0.1/sin_530"}]},
    "sinewaves.540": {"sounds": [{"name": "sinewaves_short_0.1/sin_540"}]},
    "sinewaves.550": {"sounds": [{"name": "sinewaves_short_0.1/sin_550"}]},
    "sinewaves.560": {"sounds": [{"name": "sinewaves_short_0.1/sin_560"}]},
    "sinewaves.570": {"sounds": [{"name": "sinewaves_short_0.1/sin_570"}]},
    "sinewaves.580": {"sounds": [{"name": "sinewaves_short_0.1/sin_580"}]},
    "sinewaves.590": {"sounds": [{"name": "sinewaves_short_0.1/sin_590"}]},
    "sinewaves.600": {"sounds": [{"name": "sinewaves_short_0.1/sin_600"}]},
    "sinewaves.610": {"sounds": [{"name": "sinewaves_short_0.1/sin_610"}]},
    "sinewaves.620": {"sounds": [{"name": "sinewaves_short_0.1/sin_620"}]},
    "sinewaves.630": {"sounds": [{"name": "sinewaves_short_0.1/sin_630"}]},
    "sinewaves.640": {"sounds": [{"name": "sinewaves_short_0.1/sin_640"}]},
    "sinewaves.650": {"sounds": [{"name": "sinewaves_short_0.1/sin_650"}]},
    "sinewaves.660": {"sounds": [{"name": "sinewaves_short_0.1/sin_660"}]},
    "sinewaves.670": {"sounds": [{"name": "sinewaves_short_0.1/sin_670"}]},
    "sinewaves.680": {"sounds": [{"name": "sinewaves_short_0.1/sin_680"}]},
    "sinewaves.690": {"sounds": [{"name": "sinewaves_short_0.1/sin_690"}]},
    "sinewaves.700": {"sounds": [{"name": "sinewaves_short_0.1/sin_700"}]},
    "sinewaves.710": {"sounds": [{"name": "sinewaves_short_0.1/sin_710"}]},
    "sinewaves.720": {"sounds": [{"name": "sinewaves_short_0.1/sin_720"}]},
    "sinewaves.730": {"sounds": [{"name": "sinewaves_short_0.1/sin_730"}]},
    "sinewaves.740": {"sounds": [{"name": "sinewaves_short_0.1/sin_740"}]},
    "sinewaves.750": {"sounds": [{"name": "sinewaves_short_0.1/sin_750"}]},
    "sinewaves.760": {"sounds": [{"name": "sinewaves_short_0.1/sin_760"}]},
    "sinewaves.770": {"sounds": [{"name": "sinewaves_short_0.1/sin_770"}]},
    "sinewaves.780": {"sounds": [{"name": "sinewaves_short_0.1/sin_780"}]},
    "sinewaves.790": {"sounds": [{"name": "sinewaves_short_0.1/sin_790"}]},
    "sinewaves.800": {"sounds": [{"name": "sinewaves_short_0.1/sin_800"}]},
    "sinewaves.810": {"sounds": [{"name": "sinewaves_short_0.1/sin_810"}]},
    "sinewaves.820": {"sounds": [{"name": "sinewaves_short_0.1/sin_820"}]},
    "sinewaves.830": {"sounds": [{"name": "sinewaves_short_0.1/sin_830"}]},
    "sinewaves.840": {"sounds": [{"name": "sinewaves_short_0.1/sin_840"}]},
    "sinewaves.850": {"sounds": [{"name": "sinewaves_short_0.1/sin_850"}]},
    "sinewaves.860": {"sounds": [{"name": "sinewaves_short_0.1/sin_860"}]},
    "sinewaves.870": {"sounds": [{"name": "sinewaves_short_0.1/sin_870"}]},
    "sinewaves.880": {"sounds": [{"name": "sinewaves_short_0.1/sin_880"}]},
    "sinewaves.890": {"sounds": [{"name": "sinewaves_short_0.1/sin_890"}]},
    "sinewaves.900": {"sounds": [{"name": "sinewaves_short_0.1/sin_900"}]},
    "sinewaves.910": {"sounds": [{"name": "sinewaves_short_0.1/sin_910"}]},
    "sinewaves.920": {"sounds": [{"name": "sinewaves_short_0.1/sin_920"}]},
    "sinewaves.930": {"sounds": [{"name": "sinewaves_short_0.1/sin_930"}]},
    "sinewaves.940": {"sounds": [{"name": "sinewaves_short_0.1/sin_940"}]},
    "sinewaves.950": {"sounds": [{"name": "sinewaves_short_0.1/sin_950"}]},
    "sinewaves.960": {"sounds": [{"name": "sinewaves_short_0.1/sin_960"}]},
    "sinewaves.970": {"sounds": [{"name": "sinewaves_short_0.1/sin_970"}]},
    "sinewaves.980": {"sounds": [{"name": "sinewaves_short_0.1/sin_980"}]},
    "sinewaves.990": {"sounds": [{"name": "sinewaves_short_0.1/sin_990"}]},
    "sinewaves.1000": {"sounds": [{"name": "sinewaves_short_0.1/sin_1000"}]},
    "sinewaves.1010": {"sounds": [{"name": "sinewaves_short_0.1/sin_1010"}]},
    "sinewaves.1020": {"sounds": [{"name": "sinewaves_short_0.1/sin_1020"}]},
    "sinewaves.1030": {"sounds": [{"name": "sinewaves_short_0.1/sin_1030"}]},
    "sinewaves.1040": {"sounds": [{"name": "sinewaves_short_0.1/sin_1040"}]},
    "sinewaves.1050": {"sounds": [{"name": "sinewaves_short_0.1/sin_1050"}]},
    "sinewaves.1060": {"sounds": [{"name": "sinewaves_short_0.1/sin_1060"}]},
    "sinewaves.1070": {"sounds": [{"name": "sinewaves_short_0.1/sin_1070"}]},
    "sinewaves.1080": {"sounds": [{"name": "sinewaves_short_0.1/sin_1080"}]},
    "sinewaves.1090": {"sounds": [{"name": "sinewaves_short_0.1/sin_1090"}]},
    "sinewaves.1100": {"sounds": [{"name": "sinewaves_short_0.1/sin_1100"}]},
    "sinewaves.1110": {"sounds": [{"name": "sinewaves_short_0.1/sin_1110"}]},
    "sinewaves.1120": {"sounds": [{"name": "sinewaves_short_0.1/sin_1120"}]},
    "sinewaves.1130": {"sounds": [{"name": "sinewaves_short_0.1/sin_1130"}]},
    "sinewaves.1140": {"sounds": [{"name": "sinewaves_short_0.1/sin_1140"}]},
    "sinewaves.1150": {"sounds": [{"name": "sinewaves_short_0.1/sin_1150"}]},
    "sinewaves.1160": {"sounds": [{"name": "sinewaves_short_0.1/sin_1160"}]},
    "sinewaves.1170": {"sounds": [{"name": "sinewaves_short_0.1/sin_1170"}]},
    "sinewaves.1180": {"sounds": [{"name": "sinewaves_short_0.1/sin_1180"}]},
    "sinewaves.1190": {"sounds": [{"name": "sinewaves_short_0.1/sin_1190"}]},
    "sinewaves.1200": {"sounds": [{"name": "sinewaves_short_0.1/sin_1200"}]},
    "sinewaves.1210": {"sounds": [{"name": "sinewaves_short_0.1/sin_1210"}]},
    "sinewaves.1220": {"sounds": [{"name": "sinewaves_short_0.1/sin_1220"}]},
    "sinewaves.1230": {"sounds": [{"name": "sinewaves_short_0.1/sin_1230"}]},
    "sinewaves.1240": {"sounds": [{"name": "sinewaves_short_0.1/sin_1240"}]},
    "sinewaves.1250": {"sounds": [{"name": "sinewaves_short_0.1/sin_1250"}]},
    "sinewaves.1260": {"sounds": [{"name": "sinewaves_short_0.1/sin_1260"}]},
    "sinewaves.1270": {"sounds": [{"name": "sinewaves_short_0.1/sin_1270"}]},
    "sinewaves.1280": {"sounds": [{"name": "sinewaves_short_0.1/sin_1280"}]},
    "sinewaves.1290": {"sounds": [{"name": "sinewaves_short_0.1/sin_1290"}]},
    "sinewaves.1300": {"sounds": [{"name": "sinewaves_short_0.1/sin_1300"}]},
    "sinewaves.1310": {"sounds": [{"name": "sinewaves_short_0.1/sin_1310"}]},
    "sinewaves.1320": {"sounds": [{"name": "sinewaves_short_0.1/sin_1320"}]},
    "sinewaves.1330": {"sounds": [{"name": "sinewaves_short_0.1/sin_1330"}]},
    "sinewaves.1340": {"sounds": [{"name": "sinewaves_short_0.1/sin_1340"}]},
    "sinewaves.1350": {"sounds": [{"name": "sinewaves_short_0.1/sin_1350"}]},
    "sinewaves.1360": {"sounds": [{"name": "sinewaves_short_0.1/sin_1360"}]},
    "sinewaves.1370": {"sounds": [{"name": "sinewaves_short_0.1/sin_1370"}]},
    "sinewaves.1380": {"sounds": [{"name": "sinewaves_short_0.1/sin_1380"}]},
    "sinewaves.1390": {"sounds": [{"name": "sinewaves_short_0.1/sin_1390"}]},
    "sinewaves.1400": {"sounds": [{"name": "sinewaves_short_0.1/sin_1400"}]},
    "sinewaves.1410": {"sounds": [{"name": "sinewaves_short_0.1/sin_1410"}]},
    "sinewaves.1420": {"sounds": [{"name": "sinewaves_short_0.1/sin_1420"}]},
    "sinewaves.1430": {"sounds": [{"name": "sinewaves_short_0.1/sin_1430"}]},
    "sinewaves.1440": {"sounds": [{"name": "sinewaves_short_0.1/sin_1440"}]},
    "sinewaves.1450": {"sounds": [{"name": "sinewaves_short_0.1/sin_1450"}]},
    "sinewaves.1460": {"sounds": [{"name": "sinewaves_short_0.1/sin_1460"}]},
    "sinewaves.1470": {"sounds": [{"name": "sinewaves_short_0.1/sin_1470"}]},
    "sinewaves.1480": {"sounds": [{"name": "sinewaves_short_0.1/sin_1480"}]},
    "sinewaves.1490": {"sounds": [{"name": "sinewaves_short_0.1/sin_1490"}]},
    "sinewaves.1500": {"sounds": [{"name": "sinewaves_short_0.1/sin_1500"}]},
    "sinewaves.1510": {"sounds": [{"name": "sinewaves_short_0.1/sin_1510"}]},
    "sinewaves.1520": {"sounds": [{"name": "sinewaves_short_0.1/sin_1520"}]},
    "sinewaves.1530": {"sounds": [{"name": "sinewaves_short_0.1/sin_1530"}]},
    "sinewaves.1540": {"sounds": [{"name": "sinewaves_short_0.1/sin_1540"}]},
    "sinewaves.1550": {"sounds": [{"name": "sinewaves_short_0.1/sin_1550"}]},
    "sinewaves.1560": {"sounds": [{"name": "sinewaves_short_0.1/sin_1560"}]},
    "sinewaves.1570": {"sounds": [{"name": "sinewaves_short_0.1/sin_1570"}]},
    "sinewaves.1580": {"sounds": [{"name": "sinewaves_short_0.1/sin_1580"}]},
    "sinewaves.1590": {"sounds": [{"name": "sinewaves_short_0.1/sin_1590"}]},
    "sinewaves.1600": {"sounds": [{"name": "sinewaves_short_0.1/sin_1600"}]},
    "sinewaves.1610": {"sounds": [{"name": "sinewaves_short_0.1/sin_1610"}]},
    "sinewaves.1620": {"sounds": [{"name": "sinewaves_short_0.1/sin_1620"}]},
    "sinewaves.1630": {"sounds": [{"name": "sinewaves_short_0.1/sin_1630"}]},
    "sinewaves.1640": {"sounds": [{"name": "sinewaves_short_0.1/sin_1640"}]},
    "sinewaves.1650": {"sounds": [{"name": "sinewaves_short_0.1/sin_1650"}]},
    "sinewaves.1660": {"sounds": [{"name": "sinewaves_short_0.1/sin_1660"}]},
    "sinewaves.1670": {"sounds": [{"name": "sinewaves_short_0.1/sin_1670"}]},
    "sinewaves.1680": {"sounds": [{"name": "sinewaves_short_0.1/sin_1680"}]},
    "sinewaves.1690": {"sounds": [{"name": "sinewaves_short_0.1/sin_1690"}]},
    "sinewaves.1700": {"sounds": [{"name": "sinewaves_short_0.1/sin_1700"}]},
    "sinewaves.1710": {"sounds": [{"name": "sinewaves_short_0.1/sin_1710"}]},
    "sinewaves.1720": {"sounds": [{"name": "sinewaves_short_0.1/sin_1720"}]},
    "sinewaves.1730": {"sounds": [{"name": "sinewaves_short_0.1/sin_1730"}]},
    "sinewaves.1740": {"sounds": [{"name": "sinewaves_short_0.1/sin_1740"}]},
    "sinewaves.1750": {"sounds": [{"name": "sinewaves_short_0.1/sin_1750"}]},
    "sinewaves.1760": {"sounds": [{"name": "sinewaves_short_0.1/sin_1760"}]},
    "sinewaves.1770": {"sounds": [{"name": "sinewaves_short_0.1/sin_1770"}]},
    "sinewaves.1780": {"sounds": [{"name": "sinewaves_short_0.1/sin_1780"}]},
    "sinewaves.1790": {"sounds": [{"name": "sinewaves_short_0.1/sin_1790"}]},
    "sinewaves.1800": {"sounds": [{"name": "sinewaves_short_0.1/sin_1800"}]},
    "sinewaves.1810": {"sounds": [{"name": "sinewaves_short_0.1/sin_1810"}]},
    "sinewaves.1820": {"sounds": [{"name": "sinewaves_short_0.1/sin_1820"}]},
    "sinewaves.1830": {"sounds": [{"name": "sinewaves_short_0.1/sin_1830"}]},
    "sinewaves.1840": {"sounds": [{"name": "sinewaves_short_0.1/sin_1840"}]},
    "sinewaves.1850": {"sounds": [{"name": "sinewaves_short_0.1/sin_1850"}]},
    "sinewaves.1860": {"sounds": [{"name": "sinewaves_short_0.1/sin_1860"}]},
    "sinewaves.1870": {"sounds": [{"name": "sinewaves_short_0.1/sin_1870"}]},
    "sinewaves.1880": {"sounds": [{"name": "sinewaves_short_0.1/sin_1880"}]},
    "sinewaves.1890": {"sounds": [{"name": "sinewaves_short_0.1/sin_1890"}]},
    "sinewaves.1900": {"sounds": [{"name": "sinewaves_short_0.1/sin_1900"}]},
    "sinewaves.1910": {"sounds": [{"name": "sinewaves_short_0.1/sin_1910"}]},
    "sinewaves.1920": {"sounds": [{"name": "sinewaves_short_0.1/sin_1920"}]},
    "sinewaves.1930": {"sounds": [{"name": "sinewaves_short_0.1/sin_1930"}]},
    "sinewaves.1940": {"sounds": [{"name": "sinewaves_short_0.1/sin_1940"}]},
    "sinewaves.1950": {"sounds": [{"name": "sinewaves_short_0.1/sin_1950"}]},
    "sinewaves.1960": {"sounds": [{"name": "sinewaves_short_0.1/sin_1960"}]},
    "sinewaves.1970": {"sounds": [{"name": "sinewaves_short_0.1/sin_1970"}]},
    "sinewaves.1980": {"sounds": [{"name": "sinewaves_short_0.1/sin_1980"}]},
    "sinewaves.1990": {"sounds": [{"name": "sinewaves_short_0.1/sin_1990"}]},
    "sinewaves.2000": {"sounds": [{"name": "sinewaves_short_0.1/sin_2000"}]},
    "sinewaves.2010": {"sounds": [{"name": "sinewaves_short_0.1/sin_2010"}]},
    "sinewaves.2020": {"sounds": [{"name": "sinewaves_short_0.1/sin_2020"}]},
    "sinewaves.2030": {"sounds": [{"name": "sinewaves_short_0.1/sin_2030"}]},
    "sinewaves.2040": {"sounds": [{"name": "sinewaves_short_0.1/sin_2040"}]},
    "sinewaves.2050": {"sounds": [{"name": "sinewaves_short_0.1/sin_2050"}]},
    "sinewaves.2060": {"sounds": [{"name": "sinewaves_short_0.1/sin_2060"}]},
    "sinewaves.2070": {"sounds": [{"name": "sinewaves_short_0.1/sin_2070"}]},
    "sinewaves.2080": {"sounds": [{"name": "sinewaves_short_0.1/sin_2080"}]},
    "sinewaves.2090": {"sounds": [{"name": "sinewaves_short_0.1/sin_2090"}]},
    "sinewaves.2100": {"sounds": [{"name": "sinewaves_short_0.1/sin_2100"}]},
    "sinewaves.2110": {"sounds": [{"name": "sinewaves_short_0.1/sin_2110"}]},
    "sinewaves.2120": {"sounds": [{"name": "sinewaves_short_0.1/sin_2120"}]},
    "sinewaves.2130": {"sounds": [{"name": "sinewaves_short_0.1/sin_2130"}]},
    "sinewaves.2140": {"sounds": [{"name": "sinewaves_short_0.1/sin_2140"}]},
    "sinewaves.2150": {"sounds": [{"name": "sinewaves_short_0.1/sin_2150"}]},
    "sinewaves.2160": {"sounds": [{"name": "sinewaves_short_0.1/sin_2160"}]},
    "sinewaves.2170": {"sounds": [{"name": "sinewaves_short_0.1/sin_2170"}]},
    "sinewaves.2180": {"sounds": [{"name": "sinewaves_short_0.1/sin_2180"}]},
    "sinewaves.2190": {"sounds": [{"name": "sinewaves_short_0.1/sin_2190"}]},
    "sinewaves.2200": {"sounds": [{"name": "sinewaves_short_0.1/sin_2200"}]},
    "sinewaves.2210": {"sounds": [{"name": "sinewaves_short_0.1/sin_2210"}]},
    "sinewaves.2220": {"sounds": [{"name": "sinewaves_short_0.1/sin_2220"}]},
    "sinewaves.2230": {"sounds": [{"name": "sinewaves_short_0.1/sin_2230"}]},
    "sinewaves.2240": {"sounds": [{"name": "sinewaves_short_0.1/sin_2240"}]},
    "sinewaves.2250": {"sounds": [{"name": "sinewaves_short_0.1/sin_2250"}]},
    "sinewaves.2260": {"sounds": [{"name": "sinewaves_short_0.1/sin_2260"}]},
    "sinewaves.2270": {"sounds": [{"name": "sinewaves_short_0.1/sin_2270"}]},
    "sinewaves.2280": {"sounds": [{"name": "sinewaves_short_0.1/sin_2280"}]},
    "sinewaves.2290": {"sounds": [{"name": "sinewaves_short_0.1/sin_2290"}]},
    "sinewaves.2300": {"sounds": [{"name": "sinewaves_short_0.1/sin_2300"}]},
    "sinewaves.2310": {"sounds": [{"name": "sinewaves_short_0.1/sin_2310"}]},
    "sinewaves.2320": {"sounds": [{"name": "sinewaves_short_0.1/sin_2320"}]},
    "sinewaves.2330": {"sounds": [{"name": "sinewaves_short_0.1/sin_2330"}]},
    "sinewaves.2340": {"sounds": [{"name": "sinewaves_short_0.1/sin_2340"}]},
    "sinewaves.2350": {"sounds": [{"name": "sinewaves_short_0.1/sin_2350"}]},
    "sinewaves.2360": {"sounds": [{"name": "sinewaves_short_0.1/sin_2360"}]},
    "sinewaves.2370": {"sounds": [{"name": "sinewaves_short_0.1/sin_2370"}]},
    "sinewaves.2380": {"sounds": [{"name": "sinewaves_short_0.1/sin_2380"}]},
    "sinewaves.2390": {"sounds": [{"name": "sinewaves_short_0.1/sin_2390"}]},
    "sinewaves.2400": {"sounds": [{"name": "sinewaves_short_0.1/sin_2400"}]},
    "sinewaves.2410": {"sounds": [{"name": "sinewaves_short_0.1/sin_2410"}]},
    "sinewaves.2420": {"sounds": [{"name": "sinewaves_short_0.1/sin_2420"}]},
    "sinewaves.2430": {"sounds": [{"name": "sinewaves_short_0.1/sin_2430"}]},
    "sinewaves.2440": {"sounds": [{"name": "sinewaves_short_0.1/sin_2440"}]},
    "sinewaves.2450": {"sounds": [{"name": "sinewaves_short_0.1/sin_2450"}]},
    "sinewaves.2460": {"sounds": [{"name": "sinewaves_short_0.1/sin_2460"}]},
    "sinewaves.2470": {"sounds": [{"name": "sinewaves_short_0.1/sin_2470"}]},
    "sinewaves.2480": {"sounds": [{"name": "sinewaves_short_0.1/sin_2480"}]},
    "sinewaves.2490": {"sounds": [{"name": "sinewaves_short_0.1/sin_2490"}]},
    "sinewaves.2500": {"sounds": [{"name": "sinewaves_short_0.1/sin_2500"}]},
    "sinewaves.2510": {"sounds": [{"name": "sinewaves_short_0.1/sin_2510"}]},
    "sinewaves.2520": {"sounds": [{"name": "sinewaves_short_0.1/sin_2520"}]},
    "sinewaves.2530": {"sounds": [{"name": "sinewaves_short_0.1/sin_2530"}]},
    "sinewaves.2540": {"sounds": [{"name": "sinewaves_short_0.1/sin_2540"}]},
    "sinewaves.2550": {"sounds": [{"name": "sinewaves_short_0.1/sin_2550"}]},
    "sinewaves.2560": {"sounds": [{"name": "sinewaves_short_0.1/sin_2560"}]},
    "sinewaves.2570": {"sounds": [{"name": "sinewaves_short_0.1/sin_2570"}]},
    "sinewaves.2580": {"sounds": [{"name": "sinewaves_short_0.1/sin_2580"}]},
    "sinewaves.2590": {"sounds": [{"name": "sinewaves_short_0.1/sin_2590"}]},
    "sinewaves.2600": {"sounds": [{"name": "sinewaves_short_0.1/sin_2600"}]},
    "sinewaves.2610": {"sounds": [{"name": "sinewaves_short_0.1/sin_2610"}]},
    "sinewaves.2620": {"sounds": [{"name": "sinewaves_short_0.1/sin_2620"}]},
    "sinewaves.2630": {"sounds": [{"name": "sinewaves_short_0.1/sin_2630"}]},
    "sinewaves.2640": {"sounds": [{"name": "sinewaves_short_0.1/sin_2640"}]},
    "sinewaves.2650": {"sounds": [{"name": "sinewaves_short_0.1/sin_2650"}]},
    "sinewaves.2660": {"sounds": [{"name": "sinewaves_short_0.1/sin_2660"}]},
    "sinewaves.2670": {"sounds": [{"name": "sinewaves_short_0.1/sin_2670"}]},
    "sinewaves.2680": {"sounds": [{"name": "sinewaves_short_0.1/sin_2680"}]},
    "sinewaves.2690": {"sounds": [{"name": "sinewaves_short_0.1/sin_2690"}]},
    "sinewaves.2700": {"sounds": [{"name": "sinewaves_short_0.1/sin_2700"}]},
    "sinewaves.2710": {"sounds": [{"name": "sinewaves_short_0.1/sin_2710"}]},
    "sinewaves.2720": {"sounds": [{"name": "sinewaves_short_0.1/sin_2720"}]},
    "sinewaves.2730": {"sounds": [{"name": "sinewaves_short_0.1/sin_2730"}]},
    "sinewaves.2740": {"sounds": [{"name": "sinewaves_short_0.1/sin_2740"}]},
    "sinewaves.2750": {"sounds": [{"name": "sinewaves_short_0.1/sin_2750"}]},
    "sinewaves.2760": {"sounds": [{"name": "sinewaves_short_0.1/sin_2760"}]},
    "sinewaves.2770": {"sounds": [{"name": "sinewaves_short_0.1/sin_2770"}]},
    "sinewaves.2780": {"sounds": [{"name": "sinewaves_short_0.1/sin_2780"}]},
    "sinewaves.2790": {"sounds": [{"name": "sinewaves_short_0.1/sin_2790"}]},
    "sinewaves.2800": {"sounds": [{"name": "sinewaves_short_0.1/sin_2800"}]},
    "sinewaves.2810": {"sounds": [{"name": "sinewaves_short_0.1/sin_2810"}]},
    "sinewaves.2820": {"sounds": [{"name": "sinewaves_short_0.1/sin_2820"}]},
    "sinewaves.2830": {"sounds": [{"name": "sinewaves_short_0.1/sin_2830"}]},
    "sinewaves.2840": {"sounds": [{"name": "sinewaves_short_0.1/sin_2840"}]},
    "sinewaves.2850": {"sounds": [{"name": "sinewaves_short_0.1/sin_2850"}]},
    "sinewaves.2860": {"sounds": [{"name": "sinewaves_short_0.1/sin_2860"}]},
    "sinewaves.2870": {"sounds": [{"name": "sinewaves_short_0.1/sin_2870"}]},
    "sinewaves.2880": {"sounds": [{"name": "sinewaves_short_0.1/sin_2880"}]},
    "sinewaves.2890": {"sounds": [{"name": "sinewaves_short_0.1/sin_2890"}]},
    "sinewaves.2900": {"sounds": [{"name": "sinewaves_short_0.1/sin_2900"}]},
    "sinewaves.2910": {"sounds": [{"name": "sinewaves_short_0.1/sin_2910"}]},
    "sinewaves.2920": {"sounds": [{"name": "sinewaves_short_0.1/sin_2920"}]},
    "sinewaves.2930": {"sounds": [{"name": "sinewaves_short_0.1/sin_2930"}]},
    "sinewaves.2940": {"sounds": [{"name": "sinewaves_short_0.1/sin_2940"}]},
    "sinewaves.2950": {"sounds": [{"name": "sinewaves_short_0.1/sin_2950"}]},
    "sinewaves.2960": {"sounds": [{"name": "sinewaves_short_0.1/sin_2960"}]},
    "sinewaves.2970": {"sounds": [{"name": "sinewaves_short_0.1/sin_2970"}]},
    "sinewaves.2980": {"sounds": [{"name": "sinewaves_short_0.1/sin_2980"}]},
    "sinewaves.2990": {"sounds": [{"name": "sinewaves_short_0.1/sin_2990"}]},
    "sinewaves.3000": {"sounds": [{"name": "sinewaves_short_0.1/sin_3000"}]},
    "sinewaves.3010": {"sounds": [{"name": "sinewaves_short_0.1/sin_3010"}]},
    "sinewaves.3020": {"sounds": [{"name": "sinewaves_short_0.1/sin_3020"}]},
    "sinewaves.3030": {"sounds": [{"name": "sinewaves_short_0.1/sin_3030"}]},
    "sinewaves.3040": {"sounds": [{"name": "sinewaves_short_0.1/sin_3040"}]},
    "sinewaves.3050": {"sounds": [{"name": "sinewaves_short_0.1/sin_3050"}]},
    "sinewaves.3060": {"sounds": [{"name": "sinewaves_short_0.1/sin_3060"}]},
    "sinewaves.3070": {"sounds": [{"name": "sinewaves_short_0.1/sin_3070"}]},
    "sinewaves.3080": {"sounds": [{"name": "sinewaves_short_0.1/sin_3080"}]},
    "sinewaves.3090": {"sounds": [{"name": "sinewaves_short_0.1/sin_3090"}]},
    "sinewaves.3100": {"sounds": [{"name": "sinewaves_short_0.1/sin_3100"}]},
    "sinewaves.3110": {"sounds": [{"name": "sinewaves_short_0.1/sin_3110"}]},
    "sinewaves.3120": {"sounds": [{"name": "sinewaves_short_0.1/sin_3120"}]},
    "sinewaves.3130": {"sounds": [{"name": "sinewaves_short_0.1/sin_3130"}]},
    "sinewaves.3140": {"sounds": [{"name": "sinewaves_short_0.1/sin_3140"}]},
    "sinewaves.3150": {"sounds": [{"name": "sinewaves_short_0.1/sin_3150"}]},
    "sinewaves.3160": {"sounds": [{"name": "sinewaves_short_0.1/sin_3160"}]},
    "sinewaves.3170": {"sounds": [{"name": "sinewaves_short_0.1/sin_3170"}]},
    "sinewaves.3180": {"sounds": [{"name": "sinewaves_short_0.1/sin_3180"}]},
    "sinewaves.3190": {"sounds": [{"name": "sinewaves_short_0.1/sin_3190"}]},
    "sinewaves.3200": {"sounds": [{"name": "sinewaves_short_0.1/sin_3200"}]},
    "sinewaves.3210": {"sounds": [{"name": "sinewaves_short_0.1/sin_3210"}]},
    "sinewaves.3220": {"sounds": [{"name": "sinewaves_short_0.1/sin_3220"}]},
    "sinewaves.3230": {"sounds": [{"name": "sinewaves_short_0.1/sin_3230"}]},
    "sinewaves.3240": {"sounds": [{"name": "sinewaves_short_0.1/sin_3240"}]},
    "sinewaves.3250": {"sounds": [{"name": "sinewaves_short_0.1/sin_3250"}]},
    "sinewaves.3260": {"sounds": [{"name": "sinewaves_short_0.1/sin_3260"}]},
    "sinewaves.3270": {"sounds": [{"name": "sinewaves_short_0.1/sin_3270"}]},
    "sinewaves.3280": {"sounds": [{"name": "sinewaves_short_0.1/sin_3280"}]},
    "sinewaves.3290": {"sounds": [{"name": "sinewaves_short_0.1/sin_3290"}]},
    "sinewaves.3300": {"sounds": [{"name": "sinewaves_short_0.1/sin_3300"}]},
    "sinewaves.3310": {"sounds": [{"name": "sinewaves_short_0.1/sin_3310"}]},
    "sinewaves.3320": {"sounds": [{"name": "sinewaves_short_0.1/sin_3320"}]},
    "sinewaves.3330": {"sounds": [{"name": "sinewaves_short_0.1/sin_3330"}]},
    "sinewaves.3340": {"sounds": [{"name": "sinewaves_short_0.1/sin_3340"}]},
    "sinewaves.3350": {"sounds": [{"name": "sinewaves_short_0.1/sin_3350"}]},
    "sinewaves.3360": {"sounds": [{"name": "sinewaves_short_0.1/sin_3360"}]},
    "sinewaves.3370": {"sounds": [{"name": "sinewaves_short_0.1/sin_3370"}]},
    "sinewaves.3380": {"sounds": [{"name": "sinewaves_short_0.1/sin_3380"}]},
    "sinewaves.3390": {"sounds": [{"name": "sinewaves_short_0.1/sin_3390"}]},
    "sinewaves.3400": {"sounds": [{"name": "sinewaves_short_0.1/sin_3400"}]},
    "sinewaves.3410": {"sounds": [{"name": "sinewaves_short_0.1/sin_3410"}]},
    "sinewaves.3420": {"sounds": [{"name": "sinewaves_short_0.1/sin_3420"}]},
    "sinewaves.3430": {"sounds": [{"name": "sinewaves_short_0.1/sin_3430"}]},
    "sinewaves.3440": {"sounds": [{"name": "sinewaves_short_0.1/sin_3440"}]},
    "sinewaves.3450": {"sounds": [{"name": "sinewaves_short_0.1/sin_3450"}]},
    "sinewaves.3460": {"sounds": [{"name": "sinewaves_short_0.1/sin_3460"}]},
    "sinewaves.3470": {"sounds": [{"name": "sinewaves_short_0.1/sin_3470"}]},
    "sinewaves.3480": {"sounds": [{"name": "sinewaves_short_0.1/sin_3480"}]},
    "sinewaves.3490": {"sounds": [{"name": "sinewaves_short_0.1/sin_3490"}]},
    "sinewaves.3500": {"sounds": [{"name": "sinewaves_short_0.1/sin_3500"}]},
    "sinewaves.3510": {"sounds": [{"name": "sinewaves_short_0.1/sin_3510"}]},
    "sinewaves.3520": {"sounds": [{"name": "sinewaves_short_0.1/sin_3520"}]},
    "sinewaves.3530": {"sounds": [{"name": "sinewaves_short_0.1/sin_3530"}]},
    "sinewaves.3540": {"sounds": [{"name": "sinewaves_short_0.1/sin_3540"}]},
    "sinewaves.3550": {"sounds": [{"name": "sinewaves_short_0.1/sin_3550"}]},
    "sinewaves.3560": {"sounds": [{"name": "sinewaves_short_0.1/sin_3560"}]},
    "sinewaves.3570": {"sounds": [{"name": "sinewaves_short_0.1/sin_3570"}]},
    "sinewaves.3580": {"sounds": [{"name": "sinewaves_short_0.1/sin_3580"}]},
    "sinewaves.3590": {"sounds": [{"name": "sinewaves_short_0.1/sin_3590"}]},
    "sinewaves.3600": {"sounds": [{"name": "sinewaves_short_0.1/sin_3600"}]},
    "sinewaves.3610": {"sounds": [{"name": "sinewaves_short_0.1/sin_3610"}]},
    "sinewaves.3620": {"sounds": [{"name": "sinewaves_short_0.1/sin_3620"}]},
    "sinewaves.3630": {"sounds": [{"name": "sinewaves_short_0.1/sin_3630"}]},
    "sinewaves.3640": {"sounds": [{"name": "sinewaves_short_0.1/sin_3640"}]},
    "sinewaves.3650": {"sounds": [{"name": "sinewaves_short_0.1/sin_3650"}]},
    "sinewaves.3660": {"sounds": [{"name": "sinewaves_short_0.1/sin_3660"}]},
    "sinewaves.3670": {"sounds": [{"name": "sinewaves_short_0.1/sin_3670"}]},
    "sinewaves.3680": {"sounds": [{"name": "sinewaves_short_0.1/sin_3680"}]},
    "sinewaves.3690": {"sounds": [{"name": "sinewaves_short_0.1/sin_3690"}]},
    "sinewaves.3700": {"sounds": [{"name": "sinewaves_short_0.1/sin_3700"}]},
    "sinewaves.3710": {"sounds": [{"name": "sinewaves_short_0.1/sin_3710"}]},
    "sinewaves.3720": {"sounds": [{"name": "sinewaves_short_0.1/sin_3720"}]},
    "sinewaves.3730": {"sounds": [{"name": "sinewaves_short_0.1/sin_3730"}]},
    "sinewaves.3740": {"sounds": [{"name": "sinewaves_short_0.1/sin_3740"}]},
    "sinewaves.3750": {"sounds": [{"name": "sinewaves_short_0.1/sin_3750"}]},
    "sinewaves.3760": {"sounds": [{"name": "sinewaves_short_0.1/sin_3760"}]},
    "sinewaves.3770": {"sounds": [{"name": "sinewaves_short_0.1/sin_3770"}]},
    "sinewaves.3780": {"sounds": [{"name": "sinewaves_short_0.1/sin_3780"}]},
    "sinewaves.3790": {"sounds": [{"name": "sinewaves_short_0.1/sin_3790"}]},
    "sinewaves.3800": {"sounds": [{"name": "sinewaves_short_0.1/sin_3800"}]},
    "sinewaves.3810": {"sounds": [{"name": "sinewaves_short_0.1/sin_3810"}]},
    "sinewaves.3820": {"sounds": [{"name": "sinewaves_short_0.1/sin_3820"}]},
    "sinewaves.3830": {"sounds": [{"name": "sinewaves_short_0.1/sin_3830"}]},
    "sinewaves.3840": {"sounds": [{"name": "sinewaves_short_0.1/sin_3840"}]},
    "sinewaves.3850": {"sounds": [{"name": "sinewaves_short_0.1/sin_3850"}]},
    "sinewaves.3860": {"sounds": [{"name": "sinewaves_short_0.1/sin_3860"}]},
    "sinewaves.3870": {"sounds": [{"name": "sinewaves_short_0.1/sin_3870"}]},
    "sinewaves.3880": {"sounds": [{"name": "sinewaves_short_0.1/sin_3880"}]},
    "sinewaves.3890": {"sounds": [{"name": "sinewaves_short_0.1/sin_3890"}]},
    "sinewaves.3900": {"sounds": [{"name": "sinewaves_short_0.1/sin_3900"}]},
    "sinewaves.3910": {"sounds": [{"name": "sinewaves_short_0.1/sin_3910"}]},
    "sinewaves.3920": {"sounds": [{"name": "sinewaves_short_0.1/sin_3920"}]},
    "sinewaves.3930": {"sounds": [{"name": "sinewaves_short_0.1/sin_3930"}]},
    "sinewaves.3940": {"sounds": [{"name": "sinewaves_short_0.1/sin_3940"}]},
    "sinewaves.3950": {"sounds": [{"name": "sinewaves_short_0.1/sin_3950"}]},
    "sinewaves.3960": {"sounds": [{"name": "sinewaves_short_0.1/sin_3960"}]},
    "sinewaves.3970": {"sounds": [{"name": "sinewaves_short_0.1/sin_3970"}]},
    "sinewaves.3980": {"sounds": [{"name": "sinewaves_short_0.1/sin_3980"}]},
    "sinewaves.3990": {"sounds": [{"name": "sinewaves_short_0.1/sin_3990"}]},
    "sinewaves.4000": {"sounds": [{"name": "sinewaves_short_0.1/sin_4000"}]},
    "sinewaves.5120": {"sounds": [{"name": "sinewaves_short_0.1/sin_5120"}]},
    "sinewaves.10240": {"sounds": [{"name": "sinewaves_short_0.1/sin_10240"}]}
}
